type,name,manufacturer,image,weight,kv,motorDiameter,motorHeight,shaftDiameter,motorMountWidth,motorMountLength
motor,Ethix CATS 4S 2207 2400kv  Motor,Ethix,https://cdn.getfpv.com/media/catalog/product/cache/fa4da5475405b0da777dc0f4b9d16483/a/7/a7300508_1.jpg,42,2700,22,4,6,16,16
motor,Diatone Mamba Toka 2004 Motor - 1700KV/2900KV,Diatone Mamba,https://cdn.getfpv.com/media/catalog/product/cache/fa4da5475405b0da777dc0f4b9d16483/d/i/diatone_mamba_toka_2004_motor1000px_1_.jpg,27,2300,23,6,5,16,16
motor,Lumenier ZIP 2207 2450kv POPO Pro Motor,Lumenier,https://cdn.getfpv.com/media/catalog/product/cache/fa4da5475405b0da777dc0f4b9d16483/z/i/zip-2207-2450-main_1.jpg,34,1700,27,7,4,16,16
motor,iFlight Cyber XING 2306.5 1777KV/1999KV/2555KV FPV Motor,iFlight,https://cdn.getfpv.com/media/catalog/product/cache/fa4da5475405b0da777dc0f4b9d16483/c/y/cyber_xing_2306.5_2-6s_fpv_motor.jpg,40,3000,21,11,6,16,16
motor,T-Motor HOM 2207.5 1750kv/2500kv Motor,T-Motor,https://cdn.getfpv.com/media/catalog/product/cache/fa4da5475405b0da777dc0f4b9d16483/5/2/5213f3bc-0a6c-4920-880b-fa8c05820992_b0b60947-ae1e-40d5-93fe-82c245d31980_1000x_2.jpg,36,4000,24,4,6,16,16
motor,T-Motor VELOX V2207 1750KV/1950KV Motor,T-Motor,https://cdn.getfpv.com/media/catalog/product/cache/fa4da5475405b0da777dc0f4b9d16483/v/2/v2207cover000.jpg,42,4000,15,9,3,16,16
motor,T-Motor VELOX V2208 1750KV/1950KV Motor,T-Motor,https://cdn.getfpv.com/media/catalog/product/cache/fa4da5475405b0da777dc0f4b9d16483/v/2/v2208_1_1_1.jpg,15,3900,24,11,6,16,16
motor,BrotherHobby LPD 2806.5 1300KV/1700KV Motor,BrotherHobby,https://cdn.getfpv.com/media/catalog/product/cache/fa4da5475405b0da777dc0f4b9d16483/b/r/brotherhobby_ldp_2806.5_motor_6__2.jpg,39,2700,30,8,6,16,16
motor,iFlight Cyber XING 2207.5 1777KV/1999KV/2555KV FPV Motor,iFlight,https://cdn.getfpv.com/media/catalog/product/cache/fa4da5475405b0da777dc0f4b9d16483/i/f/iflight-cyber-xing-2207.5_1777kv1999kv2555kv_fpv_motor_3_3.jpg,18,1600,16,11,6,16,16
motor,Lumenier ZIP V2 2407 Motor - 1700KV/2550KV,Lumenier,https://cdn.getfpv.com/media/catalog/product/cache/fa4da5475405b0da777dc0f4b9d16483/l/u/lumenier-zip-v2-2407-cinematic-motor---1700kv2550kv-main-3.jpg,20,3900,18,8,4,16,16
motor,XILO Stealth 2206 1700KV Motor,XILO,https://cdn.getfpv.com/media/catalog/product/cache/fa4da5475405b0da777dc0f4b9d16483/x/i/xilo-stealth-motor-2206---banner-raw-smoke_1.jpg,30,1700,24,12,4,16,16
motor,T-Motor VELOX V2812 Cinematic Motor - 925KV/1155KV,T-Motor,https://cdn.getfpv.com/media/catalog/product/cache/fa4da5475405b0da777dc0f4b9d16483/t/-/t-motor-velox-v2812-cinematic-motor-925_1.jpg,43,2000,24,7,5,16,16
motor,Ethix FSP 1607 2450KV Motor,Ethix,https://cdn.getfpv.com/media/catalog/product/cache/fa4da5475405b0da777dc0f4b9d16483/e/t/ethix_fsp_1607_2450kv_motor_.jpg,25,3100,28,4,4,16,16
motor,T-Motor VELOX VELOCE V2307 V2 Motor - 1950KV/2550KV (Rose Gold),T-Motor,https://cdn.getfpv.com/media/catalog/product/cache/fa4da5475405b0da777dc0f4b9d16483/t/-/t-gggggmotor-v2307-v2-rg-0.jpg,31,3400,28,5,5,16,16
motor,Lumenier ZIP V2 2807 Cinematic Motor - 1950KV - Cinequads Edition,Lumenier,https://cdn.getfpv.com/media/catalog/product/cache/fa4da5475405b0da777dc0f4b9d16483/z/i/zip-v2-2807-1950kv-main.jpg,40,3500,29,4,3,16,16
motor,iFlight XING X1507 FPV NextGen Motor (2pcs),iFlight,https://cdn.getfpv.com/media/catalog/product/cache/fa4da5475405b0da777dc0f4b9d16483/x/i/xing-1507-motor.jpg,27,3100,26,10,4,16,16
motor,T-Motor VELOX VELOCE V2 V2306.5 Motor (Royal Blue) - 1950KV/2550KV,T-Motor,https://cdn.getfpv.com/media/catalog/product/cache/fa4da5475405b0da777dc0f4b9d16483/t/m/tmotor-velox-veloce-v2-royal-blue_2_.jpg,20,2900,22,5,6,16,16
motor,3BHOBBY 2206S 2200KV Training Motor,3BHOBBY,https://cdn.getfpv.com/media/catalog/product/cache/fa4da5475405b0da777dc0f4b9d16483/3/b/3b-2206_1.jpg,37,3800,18,8,3,16,16
motor,Stan FPV 2604 1690KV Pro Motor (5mm Shaft),Stan FPV,https://cdn.getfpv.com/media/catalog/product/cache/fa4da5475405b0da777dc0f4b9d16483/s/t/stan-fpv-2604-1690kv-pro-moto-5mm.jpg,26,2200,23,11,3,16,16
motor,T-Motor Black Bird 2207 V2.0 1950KV/2800KV Motor (1pc),T-Motor,https://cdn.getfpv.com/media/catalog/product/cache/fa4da5475405b0da777dc0f4b9d16483/t/-/t-motor-black-bird-2207-v22.jpg,29,3000,28,9,5,16,16
motor,T-Motor F1404 2900KV/3800KV/4600KV Motor (Gray + Red),T-Motor,https://cdn.getfpv.com/media/catalog/product/cache/fa4da5475405b0da777dc0f4b9d16483/f/1/f14041609828870761691494_2.jpg,36,1900,25,5,6,16,16
motor,T-Motor MCK V2.0 1950KV/2250KV/2550KV Motor,T-Motor,https://cdn.getfpv.com/media/catalog/product/cache/fa4da5475405b0da777dc0f4b9d16483/4/_/4_1_20.jpg,44,1600,15,10,4,16,16
motor,Diatone Mamba Toka 1408 Motor - 2900KV/4100KV,Diatone Mamba,https://cdn.getfpv.com/media/catalog/product/cache/fa4da5475405b0da777dc0f4b9d16483/d/i/diatone_mamba_toka_1408_motordiatone-mamba-toka-1408-motor-main-very_compressed-height-1000px.jpg,25,3000,15,8,5,16,16
motor,iFlight XING-E Pro 2207 Motor (1pc) - 1800KV/2450KV/2750KV,iFlight,https://cdn.getfpv.com/media/catalog/product/cache/fa4da5475405b0da777dc0f4b9d16483/i/f/iflight-xing-e-pro-2207-motor-_1pc_---1800kv2450kv2750kv-main.jpg,22,2900,25,5,3,16,16
motor,BrotherHobby LPD 2306.5 2000KV/2450KV/2650KV Motor,BrotherHobby,https://cdn.getfpv.com/media/catalog/product/cache/fa4da5475405b0da777dc0f4b9d16483/b/r/brotherhobby_lpd_2306.5_2000kv2450kv2650kv_motor_3__3.jpg,37,1700,28,6,6,16,16
motor,Lumenier 2207 2150kv Chief Racing Motor,Lumenier,https://cdn.getfpv.com/media/catalog/product/cache/fa4da5475405b0da777dc0f4b9d16483/l/u/lumenier-chief-motor-2150-main_1.jpg,22,1900,17,8,6,16,16
motor,3BHOBBY 2207 Pro 2650kv Motor - Silver,3BHOBBY,https://cdn.getfpv.com/media/catalog/product/cache/fa4da5475405b0da777dc0f4b9d16483/_/b/_bhobby.jpg,16,1800,24,8,6,16,16
motor,BrotherHobby Tornado T2 1407 Motor (CW) - 2800KV/3600KV/4100KV,BrotherHobby,https://cdn.getfpv.com/media/catalog/product/cache/fa4da5475405b0da777dc0f4b9d16483/b/r/brotherhobby_tornado_t2_1407_motor_cw_3_1.jpg,22,1600,17,9,6,16,16
motor,BrotherHobby Avenger 3120 Motor - 500KV/700KV,BrotherHobby,https://cdn.getfpv.com/media/catalog/product/cache/fa4da5475405b0da777dc0f4b9d16483/b/r/brotherhobby_avenger_3120_motor_2.jpg,27,2300,21,10,4,16,16
motor,iFlight XING 5215 330KV X-Class Motor (1pc),iFlight,https://cdn.getfpv.com/media/catalog/product/cache/fa4da5475405b0da777dc0f4b9d16483/x/5/x5215-xclass-motor_3_-1000x1000.jpg,18,1800,26,5,4,16,16
motor,BrotherHobby Avenger 2806.5 Motor -  870KV/1300KV/1460KV/1700KV,BrotherHobby,https://cdn.getfpv.com/media/catalog/product/cache/fa4da5475405b0da777dc0f4b9d16483/b/r/brotherhobby-avenger-2806.5-motor----870kv1300kv1460kv1700kv-main.jpg,24,2900,19,7,6,16,16
motor,EMAX ECO 2207 1700KV/1900KV/2400KV Brushless Motor,EMAX,https://cdn.getfpv.com/media/catalog/product/cache/fa4da5475405b0da777dc0f4b9d16483/4/7/47cecd06-8c3c-4db4-a72d-faa48106b1c7_3_1.jpg,20,1600,19,9,3,16,16
motor,BrotherHobby Avenger 2816 Motor - 620KV/750KV/810KV/1050KV,BrotherHobby,https://cdn.getfpv.com/media/catalog/product/cache/fa4da5475405b0da777dc0f4b9d16483/b/r/brotherhobby-avenger-2816-motor---620kv750kv810kv1050kv-main.jpg,34,1700,25,6,4,16,16
motor,T-Motor F60 PRO V-LV Motor - 1950KV/2020KV,T-Motor,https://cdn.getfpv.com/media/catalog/product/cache/fa4da5475405b0da777dc0f4b9d16483/t/-/t-motor-f60-pro-v-motor-main_5.jpg,17,3400,17,8,3,16,16
motor,Lumenier ZIP 2207 1750kv Motor,Lumenier,https://cdn.getfpv.com/media/catalog/product/cache/fa4da5475405b0da777dc0f4b9d16483/z/i/zip-2207-1750-standard-main.jpg,33,2100,18,5,3,16,16
motor,DYS SunFun X2204 Motor - 1700KV/2850KV/3000KV,DYS,https://cdn.getfpv.com/media/catalog/product/cache/fa4da5475405b0da777dc0f4b9d16483/d/y/dys-sunfun-x2204-motor---1700kv2850kv3000kv-main.jpg,34,2500,21,6,5,16,16
motor,TBS Grinder V3 2207 Motor - 2450KV,TBS,https://cdn.getfpv.com/media/catalog/product/cache/fa4da5475405b0da777dc0f4b9d16483/t/b/tbs-grinder-v3-motor.jpg,17,4200,17,11,6,16,16
motor,SpeedyBee 1404 Motor - 4500KV,SpeedyBee,https://cdn.getfpv.com/media/catalog/product/cache/fa4da5475405b0da777dc0f4b9d16483/s/p/speedybee-1404-motor---4500kv.jpg,41,3600,28,9,6,16,16
motor,DYS Samguk Series Wu 2206 2400kv Motor,DYS,https://cdn.getfpv.com/media/catalog/product/cache/fa4da5475405b0da777dc0f4b9d16483/d/y/dys-wu-main1.jpg,43,4200,26,8,5,16,16
motor,Hyperlite 2206.5 1722KV TEAM EDITION Motor,Hyperlite,https://cdn.getfpv.com/media/catalog/product/cache/fa4da5475405b0da777dc0f4b9d16483/4/9/49801091_355111758403503_1499395343849095168_n_1200x1200_1.jpg,34,3100,20,12,6,16,16
motor,Hyperlite 2207.5 1722KV HV EDITION Motor,Hyperlite,https://cdn.getfpv.com/media/catalog/product/cache/fa4da5475405b0da777dc0f4b9d16483/4/2/42200189_295244081065331_6484153646220050432_n_b6932d4f-a74e-49d2-b1f8-65a0c0396050_1200x1200_1.jpg,24,3300,30,9,3,16,16
motor,XILO 2207 1750KV Motor,XILO,https://cdn.getfpv.com/media/catalog/product/cache/fa4da5475405b0da777dc0f4b9d16483/x/i/xilo-2207-1750kv-main_1.jpg,30,2800,16,5,4,16,16
motor,XILO POPO Pro 2207 2550KV Motor,XILO,https://cdn.getfpv.com/media/catalog/product/cache/fa4da5475405b0da777dc0f4b9d16483/2/2/2207-popo-pro-main.jpg,30,3300,29,10,6,16,16
motor,XILO 2205 2250KV Motor,XILO,https://cdn.getfpv.com/media/catalog/product/cache/fa4da5475405b0da777dc0f4b9d16483/x/i/xilo-2205-2250kv-main_1.jpg,15,2200,23,9,5,16,16
motor,iFlight XING-C 1408 CineWhoop Motor (1pc),iFlight,https://cdn.getfpv.com/media/catalog/product/cache/fa4da5475405b0da777dc0f4b9d16483/x/i/xing-c-1408-4s-6s-cinematic-fpv-motor-55.jpg,21,3500,22,10,3,16,16
motor,Diatone Mamba Toka 2203.5 Motor - 1650KV/2200KV/2650KV/3300KV,Diatone,https://cdn.getfpv.com/media/catalog/product/cache/fa4da5475405b0da777dc0f4b9d16483/d/i/diatone_mamba_toka_2203.5_motordiatone-mamba-toka-2203.5-motormain-very_compressed-height-1000px.jpg,39,1900,21,7,6,16,16
motor,GEPRC GR2004 SpeedX Motor - 1750KV/2550KV,GEPRC,https://cdn.getfpv.com/media/catalog/product/cache/fa4da5475405b0da777dc0f4b9d16483/g/e/geprc-gr2004-speedx-motor-main.jpg,35,2500,19,7,6,16,16
motor,Tiger Motor F60III - 2350kv,Tiger,https://cdn.getfpv.com/media/catalog/product/cache/fa4da5475405b0da777dc0f4b9d16483/t/i/tiger-motor-f60iii-2350kv_1_1.jpg,40,1700,17,4,6,16,16
motor,EMAX RS1306B V2 4000KV Brushless Motor CW,EMAX,https://cdn.getfpv.com/media/catalog/product/cache/fa4da5475405b0da777dc0f4b9d16483/r/s/rsii_1306b_2700kv-5.jpg,39,3200,15,8,6,16,16
motor,T-Motor VELOX VELOCE V2208 V2 Motor - 1750KV/1950KV/2450KV (Gray),T-Motor,https://cdn.getfpv.com/media/catalog/product/cache/fa4da5475405b0da777dc0f4b9d16483/t/-/t-motor-v2208-v2-main.jpg,44,3600,29,4,6,16,16
motor,T-Motor VELOX V2808 Cinematic Motor - 1300KV/1500KV/1950KV,T-Motor,https://cdn.getfpv.com/media/catalog/product/cache/fa4da5475405b0da777dc0f4b9d16483/t/-/t-motor-velox-v2808-cinematic-motor-1300kv_1.jpg,26,1700,21,12,6,16,16
motor,iFlight XING2 2306 1755KV/2555KV Motor,iFlight,https://cdn.getfpv.com/media/catalog/product/cache/fa4da5475405b0da777dc0f4b9d16483/i/f/iflight-xing2-2306-1755kv2555kv-motor-1000x1000.jpg,27,2500,16,8,6,16,16
motor,Ethix Konasty 2407 2200kv Motor,Ethix,https://cdn.getfpv.com/media/catalog/product/cache/fa4da5475405b0da777dc0f4b9d16483/d/s/dsc01248-ga.jpg,33,2100,29,4,3,16,16
motor,Lumenier JB2407-7 2500KV Bardwell Motor,Lumenier,https://cdn.getfpv.com/media/catalog/product/cache/fa4da5475405b0da777dc0f4b9d16483/k/n/knurled-jb-2407-2400kv-main.jpg,27,3900,22,6,3,16,16
motor,Xhover XH2207 2500KV Cinematic Motor - V2,Xhover,https://cdn.getfpv.com/media/catalog/product/cache/fa4da5475405b0da777dc0f4b9d16483/e/z/ezgif-6-030ee4e475b0.jpg,40,3200,21,9,3,16,16
motor,BrotherHobby Avenger 2810 Motor - 1180KV/1500KV,BrotherHobby,https://cdn.getfpv.com/media/catalog/product/cache/fa4da5475405b0da777dc0f4b9d16483/b/r/brotherhobby-avenger-2810-motor---1180kv1500kv-main.jpg,34,3200,29,8,5,16,16
motor,iFlight XING-E Pro 2208 Motor - 2450KV,iFlight,https://cdn.getfpv.com/media/catalog/product/cache/fa4da5475405b0da777dc0f4b9d16483/i/f/iflight-xing-e-pro-2208-motor---2450kv-main.jpg,35,2600,27,4,5,16,16
motor,HGLRC Aeolus 2306.5 1900KV/2550KV Motor,HGLRC,https://cdn.getfpv.com/media/catalog/product/cache/fa4da5475405b0da777dc0f4b9d16483/h/g/hglrc-aeolus-23065-1900kv-6s-2550kv-4s-brushless-motors-248015_590x.jpg,33,3200,21,8,3,16,16
motor,TBS Grinder V4 2207 Motor - 1750KV,TBS,https://cdn.getfpv.com/media/catalog/product/cache/fa4da5475405b0da777dc0f4b9d16483/t/b/tbs-grinder-v4_3_.jpg,26,2300,29,9,6,16,16
motor,Lumenier 2207 2050KV Chief Racing Motor V2,Lumenier,https://cdn.getfpv.com/media/catalog/product/cache/fa4da5475405b0da777dc0f4b9d16483/c/h/chief-motor-chief_1_1.jpg,31,3400,29,5,4,16,16
motor,iFlight XING 2306 Motor (Unibell) - 2450KV,iFlight,https://cdn.getfpv.com/media/catalog/product/cache/fa4da5475405b0da777dc0f4b9d16483/i/f/iflight-xing-2306-motor-_unibell_---2450kv-main-2.jpg,32,2200,26,8,4,16,16
motor,T-Motor VELOX V2 V2207 1750KV/1950KV/2550KV Motor,T-Motor,https://cdn.getfpv.com/media/catalog/product/cache/fa4da5475405b0da777dc0f4b9d16483/1/6/1605757531463351s901.jpg,15,3400,20,12,3,16,16
motor,Ethix Mr Steele Silk 2306 2345KV Motor V4,Ethix,https://cdn.getfpv.com/media/catalog/product/cache/fa4da5475405b0da777dc0f4b9d16483/s/i/silk-v4-motor_1_.jpg,29,3600,27,12,3,16,16
motor,T-Motor F80 PRO - 1900KV Motor,T-Motor,https://cdn.getfpv.com/media/catalog/product/cache/fa4da5475405b0da777dc0f4b9d16483/t/m/tmotor-f80-pro-1900kv-main.jpg,44,2300,22,6,3,16,16
motor,Ethix Mr Steele 2306 2345kv Silk V3 Motor,Ethix Mr,https://cdn.getfpv.com/media/catalog/product/cache/fa4da5475405b0da777dc0f4b9d16483/a/7/a7300525.jpg,38,3600,30,12,3,16,16
motor,iFlight XING Camo X2306 Motor (Unibell),iFlight,https://cdn.getfpv.com/media/catalog/product/cache/fa4da5475405b0da777dc0f4b9d16483/x/2/x2306-xing-camo-unibell-motor_3_-1000x1000.jpg,43,3700,26,10,4,16,16
motor,T-Motor BMS Racing Raptor V2 2306.5 Motor - 2000KV,T-Motor,https://cdn.getfpv.com/media/catalog/product/cache/fa4da5475405b0da777dc0f4b9d16483/b/m/bms_v2.jpg,19,1600,25,8,5,16,16
motor,iFlight XING-E 2208 2-6s FPV Motor,iFlight,https://cdn.getfpv.com/media/catalog/product/cache/fa4da5475405b0da777dc0f4b9d16483/x/i/xing-e-2208-motor_1_-1000x1000_4.jpg,18,3500,29,6,4,16,16
motor,iFlight XING2 2207 Rainbow Unibell Motor - 1950KV,iFlight,https://cdn.getfpv.com/media/catalog/product/cache/fa4da5475405b0da777dc0f4b9d16483/x/i/xing2-rainbow-1950kv-motor_4_.jpg,41,4000,25,12,3,16,16
motor,Stan FPV 2203 3390kv Pro Motor V2 - 5mm Shaft,Stan FPV,https://cdn.getfpv.com/media/catalog/product/cache/fa4da5475405b0da777dc0f4b9d16483/i/m/img_1285_1024x1024_2x-_1_.jpg,33,3800,19,5,4,16,16
motor,Lumenier JB2407-11 1750KV Bardwell Motor,Lumenier,https://cdn.getfpv.com/media/catalog/product/cache/fa4da5475405b0da777dc0f4b9d16483/k/n/knurled-jb-2407-2400kv-main_1.jpg,34,2200,24,11,4,16,16
motor,Lumenier ZIP 2407 2250kv POPO Pro Motor,Lumenier,https://cdn.getfpv.com/media/catalog/product/cache/fa4da5475405b0da777dc0f4b9d16483/z/i/zip-2407-2250-main.jpg,21,3700,20,8,6,16,16
motor,Lumenier ZIP 2407 2550kv POPO Pro Motor,Lumenier,https://cdn.getfpv.com/media/catalog/product/cache/fa4da5475405b0da777dc0f4b9d16483/z/i/zip-2407-2550-main.jpg,42,3500,27,11,5,16,16
motor,3BHOBBY 2206S 2600KV Training Motor,3BHOBBY,https://cdn.getfpv.com/media/catalog/product/cache/fa4da5475405b0da777dc0f4b9d16483/3/b/3b-2206_2.jpg,31,2100,19,10,5,16,16
motor,Ethix Mr Steele Stout 2306 Motor V4 - 1750KV,Ethix,https://cdn.getfpv.com/media/catalog/product/cache/fa4da5475405b0da777dc0f4b9d16483/s/t/stout-v4_2_.jpg,18,3500,23,9,3,16,16
motor,Diatone Mamba Toka 1606 Motor - 2700KV/3100KV/3750KV/4300KV,Diatone,https://cdn.getfpv.com/media/catalog/product/cache/fa4da5475405b0da777dc0f4b9d16483/d/i/diatone_mamba_toka_1606_2700kv3750kv_motor_2.jpg,44,1600,23,12,6,16,16
motor,Hyperlite 2206.5 2522KV TEAM EDITION Motor,Hyperlite,https://cdn.getfpv.com/media/catalog/product/cache/fa4da5475405b0da777dc0f4b9d16483/w/i/wild-willy-main.jpg,24,3300,20,8,4,16,16
motor,T-Motor F90 2806.5 Motor - 1300KV/1500KV/1950KV,T-Motor,https://cdn.getfpv.com/media/catalog/product/cache/fa4da5475405b0da777dc0f4b9d16483/4/9/49801091_355111758403503_1499395343849095168_n_1200x1200.jpg,31,3900,15,7,5,16,16
motor,XILO Stealth 2207 Motor - 1800KV/2450KV,XILO,https://cdn.getfpv.com/media/catalog/product/cache/fa4da5475405b0da777dc0f4b9d16483/t/-/t-motor-f90-motor-5_2.jpg,15,2500,25,12,6,16,16
motor,BrotherHobby Avenger 3008 Motor - 1150KV/1300KV/1500KV/1900KV,BrotherHobby,https://cdn.getfpv.com/media/catalog/product/cache/fa4da5475405b0da777dc0f4b9d16483/x/i/xilo-stealth-2207-motor-main.jpg,15,4000,23,9,5,16,16
motor,DYS Samguk Series Wu 2206 1750kv Motor,DYS,https://cdn.getfpv.com/media/catalog/product/cache/fa4da5475405b0da777dc0f4b9d16483/b/r/brotherhobby_avenger_3008_motor_1_2.jpg,28,3200,19,9,5,16,16
motor,Lumenier 2207 2150kv POPO Pro Chief Racing Motor,Lumenier,https://cdn.getfpv.com/media/catalog/product/cache/fa4da5475405b0da777dc0f4b9d16483/d/y/dys-wu-main1_1_2.jpg,32,3600,15,5,5,16,16
motor,Tiger Motor F40III - 2600KV,Tiger Motor,https://cdn.getfpv.com/media/catalog/product/cache/fa4da5475405b0da777dc0f4b9d16483/c/h/chief-popo-main.jpg,25,1900,15,10,6,16,16
motor,T-Motor F1507 V1 2700KV/3800KV Motor,T-Motor,https://cdn.getfpv.com/media/catalog/product/cache/fa4da5475405b0da777dc0f4b9d16483/t/i/tiger-motor-f40iii-2600kv.jpg,25,1600,18,4,3,16,16
motor,Diatone Mamba Toka 1206 Motor - 2450KV/3600KV/4500KV/6000KV/7500KV,Diatone,https://cdn.getfpv.com/media/catalog/product/cache/fa4da5475405b0da777dc0f4b9d16483/p/i/picture-5-_3__2_1.jpg,37,4100,24,5,4,16,16
motor,XILO Stealth 2206 2600KV Motor,XILO,https://cdn.getfpv.com/media/catalog/product/cache/fa4da5475405b0da777dc0f4b9d16483/d/i/diatone-mamba-toka-1206-motor_5.jpg,22,2300,18,9,4,16,16
motor,T-Motor F80 PRO - 2200KV Motor,T-Motor,https://cdn.getfpv.com/media/catalog/product/cache/fa4da5475405b0da777dc0f4b9d16483/x/i/xilo-stealth-motor-2206---banner-raw-smoke.jpg,43,2700,16,7,4,16,16
motor,T-Motor F60 PRO IV V2.0 1950KV/2550KV Motor,T-Motor,https://cdn.getfpv.com/media/catalog/product/cache/fa4da5475405b0da777dc0f4b9d16483/t/m/tmotor-f80-pro-2200kv-main.jpg,34,2500,19,8,4,16,16
motor,AMAXinno Performante 2306 A-Bell Motor - 1750KV/1950KV/2550KV,AMAXinno,https://cdn.getfpv.com/media/catalog/product/cache/fa4da5475405b0da777dc0f4b9d16483/t/i/tiger_f60eve.jpg,24,4200,21,8,5,16,16
motor,XILO POPO Pro 2207 2250KV Motor,XILO,https://cdn.getfpv.com/media/catalog/product/cache/fa4da5475405b0da777dc0f4b9d16483/p/e/performante_2306_motor_a-motors-1100x1100_3.jpg,21,1700,21,4,3,16,16
motor,FLYWOO Nin 2806.5 1350kv FPV Motor - Gold,FLYWOO,https://cdn.getfpv.com/media/catalog/product/cache/fa4da5475405b0da777dc0f4b9d16483/2/2/2207-2250kv-popo-pro-main.jpg,29,2900,25,4,5,16,16
motor,Rotor Riot Hypetrain Blaster 2207 1800KV Motor,Rotor Riot,https://cdn.getfpv.com/media/catalog/product/cache/fa4da5475405b0da777dc0f4b9d16483/2/8/2806.51_1024x1024.jpg,22,2000,30,10,3,16,16
motor,Flywoo Nin 2306.5 V2 1750KV/1350KV/2450KV Motor (1pc),Flywoo,https://cdn.getfpv.com/media/catalog/product/cache/fa4da5475405b0da777dc0f4b9d16483/r/o/rotor_riot_hypertrain_blaster_2207_1800kv_motor.jpg,25,3900,22,10,5,16,16
motor,Lumenier ZIP 2207 1750kv POPO Pro Motor,Lumenier,https://cdn.getfpv.com/media/catalog/product/cache/fa4da5475405b0da777dc0f4b9d16483/f/l/flywoo-nin-2306.5-v2-1750kv.jpg,21,2700,19,7,5,16,16
motor,T-Motor VELOX V2306.5 2550KV Motor,T-Motor,https://cdn.getfpv.com/media/catalog/product/cache/fa4da5475405b0da777dc0f4b9d16483/z/i/zip-2207-1750-main.jpg,32,3100,24,12,3,16,16
motor,DYS Samguk Series Wei 2207 2600kv Motor,DYS,https://cdn.getfpv.com/media/catalog/product/cache/fa4da5475405b0da777dc0f4b9d16483/t/-/t-motor-velox-v2306-5-2550kv1000x1000_1.jpg,22,3000,22,11,3,16,16
motor,EMAX RS1108 Performance Brushless Motor,EMAX,https://cdn.getfpv.com/media/catalog/product/cache/fa4da5475405b0da777dc0f4b9d16483/d/y/dys-wei-main_1.jpg,40,2700,30,5,4,16,16
motor,Stan FPV 2604 2410KV Pro Motor  (T-Mount),Stan FPV,https://cdn.getfpv.com/media/catalog/product/cache/fa4da5475405b0da777dc0f4b9d16483/p/h/photo-6694_1_3.jpg,37,2100,16,9,6,16,16
motor,T-Motor F40 PRO II POPO® Pro - 2600kv Motor,T-Motor,https://cdn.getfpv.com/media/catalog/product/cache/fa4da5475405b0da777dc0f4b9d16483/s/t/stan-fpv-2604-2410kv-pro-motor---t-mount-3.jpg,17,2000,24,12,3,16,16
motor,T-Motor F1408 Cinewhoop Motor - 2800KV/3950KV,T-Motor,https://cdn.getfpv.com/media/catalog/product/cache/fa4da5475405b0da777dc0f4b9d16483/d/s/dsc_0627.jpg,22,2100,19,10,3,16,16
motor,EMAX ECO II Series 2807 Motor (1300KV/1500KV/1700KV),EMAX,https://cdn.getfpv.com/media/catalog/product/cache/fa4da5475405b0da777dc0f4b9d16483/t/-/t-motor_f1408f1408-main-low_res-width-1000px.jpg,27,2800,24,9,3,16,16
motor,Hypershot 1507.5 3922KV/ 2922KV Cinewhoop Motor - 1.5mm T-Mount,Hypershot,https://cdn.getfpv.com/media/catalog/product/cache/fa4da5475405b0da777dc0f4b9d16483/e/c/eco-ii-2806-main.jpg,21,2200,15,4,4,16,16
motor,Diatone Mamba Toka 1202 Motor - 6500KV/8500KV/10000V,Diatone,https://cdn.getfpv.com/media/catalog/product/cache/fa4da5475405b0da777dc0f4b9d16483/p/1/p1010003-2_1200x1200_2.jpg,17,3700,20,4,3,16,16
motor,iFlight XING 2203.5 Unibell Motor (1pc) - 2500KV/3600KV,iFlight,https://cdn.getfpv.com/media/catalog/product/cache/fa4da5475405b0da777dc0f4b9d16483/d/i/diatone-mamba-toka-1202-motor.jpg,16,2300,27,7,4,16,16
motor,T-Motor VELOCE V2206.5 1750KV/2550KV Motor - Booster Edition,T-Motor,https://cdn.getfpv.com/media/catalog/product/cache/fa4da5475405b0da777dc0f4b9d16483/2/2/2203-unibell_6_-1000x1000.jpg,41,2200,26,12,3,16,16
motor,Lumenier 2207-11 1750KV JohnnyFPV V2 Motor,Lumenier,https://cdn.getfpv.com/media/catalog/product/cache/fa4da5475405b0da777dc0f4b9d16483/_/b/_brx8716_1_1.jpg,27,3800,30,4,5,16,16
motor,iFlight XING 1408 FPV NextGen Motor (1pc),iFlight,https://cdn.getfpv.com/media/catalog/product/cache/fa4da5475405b0da777dc0f4b9d16483/j/o/johnny-v2-1700kv-main_1.jpg,38,2500,20,4,3,16,16
motor,T-Motor F80 PRO - 2500KV Motor,T-Motor,https://cdn.getfpv.com/media/catalog/product/cache/fa4da5475405b0da777dc0f4b9d16483/1/4/1408-100-1000x1000_2.jpg,45,1800,16,7,6,16,16
motor,iFlight XING2 1806 1600KV/2500KV Motor - 1.5mm Shaft,iFlight,https://cdn.getfpv.com/media/catalog/product/cache/fa4da5475405b0da777dc0f4b9d16483/t/m/tmotor-f80-pro-2500kv-main_1.jpg,43,2100,26,5,6,16,16
motor,Hypershot 1507.5 3922KV/ 2922KV Cinewhoop Motor - M5 Shaft,Hypershot,https://cdn.getfpv.com/media/catalog/product/cache/fa4da5475405b0da777dc0f4b9d16483/i/f/iflight-xing2-1806-2500kv-motor---1.5mm.jpg,39,2400,19,9,5,16,16
motor,T-Motor MCK Edition 2207 1800kv Motor,T-Motor,https://cdn.getfpv.com/media/catalog/product/cache/fa4da5475405b0da777dc0f4b9d16483/p/1/p1010023_1200x1200_2.jpg,40,1700,27,9,3,16,16
motor,Tiger Motor F1000 635KV FPV Racing Motor,Tiger Motor,https://cdn.getfpv.com/media/catalog/product/cache/fa4da5475405b0da777dc0f4b9d16483/m/c/mck-motor-1.jpg,44,3600,23,5,3,16,16
motor,T-Motor VELOX VELOCE V2207.5 V2 Motor - 1750KV/1950KV/2550KV (Royal Blue),T-Motor,https://cdn.getfpv.com/media/catalog/product/cache/fa4da5475405b0da777dc0f4b9d16483/t/i/tiger-motor-f1000-kv635-fpv-racing-motor.jpg,43,2300,28,8,3,16,16
motor,Stan FPV 2604 2410KV Pro Motor (5mm Shaft),Stan FPV,https://cdn.getfpv.com/media/catalog/product/cache/fa4da5475405b0da777dc0f4b9d16483/1/_/1_8cf8b1hhhhhhhhhh3e-2984-4236-8286-929252f4f8ce_1200x1200_2.jpg,38,4100,23,12,3,16,16
motor,Lumenier ZIP V2 2807 Cinematic Motor - 1300KV/1700KV/1950KV,Lumenier,https://cdn.getfpv.com/media/catalog/product/cache/fa4da5475405b0da777dc0f4b9d16483/s/t/stan-fpv-2604-2410kv-pro-motor---5mm-shaft.jpg,34,3100,15,7,3,16,16
motor,Diatone Mamba Toka 1505 Motor - 2650KV/3800KV,Diatone Mamba,https://cdn.getfpv.com/media/catalog/product/cache/fa4da5475405b0da777dc0f4b9d16483/l/u/lumenier-zip-v2-2807-cinematic-motor---1700kv-1300kv-motor.jpg,19,2600,21,10,5,16,16
motor,BrotherHobby Avenger LR 2004 1650KV Motor (CW),BrotherHobby,https://cdn.getfpv.com/media/catalog/product/cache/fa4da5475405b0da777dc0f4b9d16483/d/i/diatone_mamba_toka_1505_motordiatone-mamba-toka-1505.jpg2-very_compressed-height-1000px.jpg,31,2900,23,8,5,16,16
motor,T-Motor VELOX V2306 1950KV Motor,T-Motor,https://cdn.getfpv.com/media/catalog/product/cache/fa4da5475405b0da777dc0f4b9d16483/b/r/brotherhobby_lr_2004_1650kv_motor_3_.jpg,20,3500,26,7,3,16,16
motor,Brotherhobby Speed Shield V3 2207.5 1750KV/2400KV Motor,Brotherhobby,https://cdn.getfpv.com/media/catalog/product/cache/fa4da5475405b0da777dc0f4b9d16483/t/-/t-motor-velox-v2306-1950kv-motor-1.jpg,17,2500,26,12,5,16,16
motor,Foxeer Datura 2105.5 FPV Motor - M3/M5 Shaft,Foxeer,https://cdn.getfpv.com/media/catalog/product/cache/fa4da5475405b0da777dc0f4b9d16483/f/8/f84084a269_2.jpg,44,2400,26,11,4,16,16
motor,Flywoo ROBO RB 1507 V2 2850KV/3850KV FPV Motor,Flywoo,https://cdn.getfpv.com/media/catalog/product/cache/fa4da5475405b0da777dc0f4b9d16483/f/o/foxeer-datura-2105.5-main.jpg,40,2800,18,5,5,16,16
motor,BrotherHobby VS 2207 Motor (CW) - 1720KV/2400KV/2700KV,BrotherHobby,https://cdn.getfpv.com/media/catalog/product/cache/fa4da5475405b0da777dc0f4b9d16483/f/l/flywoo-robo-v2-1507-2850kv-motor_1_1.jpg,16,1800,19,6,4,16,16
motor,BrotherHobby Avenger 2808 Motor - 1350KV/1500KV/1900KV,BrotherHobby,https://cdn.getfpv.com/media/catalog/product/cache/fa4da5475405b0da777dc0f4b9d16483/b/r/brotherhobby_vs_2207_motor_4_3.jpg,38,3400,24,8,4,16,16
motor,T-Motor LF40 2305 2450kv Motor,T-Motor,https://cdn.getfpv.com/media/catalog/product/cache/fa4da5475405b0da777dc0f4b9d16483/6/f/6f2abffcf9.jpg,25,1900,22,7,4,16,16
motor,Lumenier 2306 JohnnyFPV Cinematic V2 POPO Pro Motor (1750KV/2250KV/2550KV),Lumenier,https://cdn.getfpv.com/media/catalog/product/cache/fa4da5475405b0da777dc0f4b9d16483/t/-/t-motor-lf40-2305-2450kv_1.jpg,23,1800,18,12,5,16,16
motor,RCINPOWER GTS V2 2207 Plus Motor - 1860KV/2500KV/2750KV,RCINPOWER,https://cdn.getfpv.com/media/catalog/product/cache/fa4da5475405b0da777dc0f4b9d16483/l/u/lumenier-johnnyfpv-2306-v2-motor-popo-pro.jpg,35,2800,25,7,4,16,16
motor,T-Motor F2004 1700KV/3000KV Motor,T-Motor,https://cdn.getfpv.com/media/catalog/product/cache/fa4da5475405b0da777dc0f4b9d16483/r/c/rcinpower-gts-v2-2207-plus-motor-main.jpg,20,3700,18,11,5,16,16
motor,BrotherHobby DXA 2207.5 1750KV/1920KV Motor (CW),BrotherHobby,https://cdn.getfpv.com/media/catalog/product/cache/fa4da5475405b0da777dc0f4b9d16483/1/6/1609396827309747735.jpg,31,4000,17,8,5,16,16
motor,EMAX ECO II Series 2207 Motor (1700KV/1900KV/2400KV),EMAX,https://cdn.getfpv.com/media/catalog/product/cache/fa4da5475405b0da777dc0f4b9d16483/b/r/brotherhobby_dxa_2207.5_1750kv1920kv_motor.jpg,24,1700,30,11,5,16,16
motor,BrotherHobby Avenger V3 2306.5 2000KV/2450KV Motor,BrotherHobby,https://cdn.getfpv.com/media/catalog/product/cache/fa4da5475405b0da777dc0f4b9d16483/e/c/eco-ii-main_1.jpg,36,3500,22,7,6,16,16
motor,iFlight XING 2005 1900KV/2550KV Motor (1pc),iFlight,https://cdn.getfpv.com/media/catalog/product/cache/fa4da5475405b0da777dc0f4b9d16483/b/r/brotherhobby-avenger-v3-2306.5.jpg,29,2200,26,7,3,16,16
motor,iFlight XING X2206 1750KV/1850KV/2750KV FPV NextGen Motor (1pc),iFlight,https://cdn.getfpv.com/media/catalog/product/cache/fa4da5475405b0da777dc0f4b9d16483/x/i/xing-2005-nazgul-5030-propeller_9_-1000x1000.jpg,43,1800,19,6,6,16,16
motor,Ummagawd Aerolite 2004 Motor (1pc) - 1600KV/2400KV/3500KV,Ummagawd,https://cdn.getfpv.com/media/catalog/product/cache/fa4da5475405b0da777dc0f4b9d16483/x/i/xing_2206_1_-1000x1000.jpg,17,3600,19,12,4,16,16
motor,iFlight XING 2207 Motor (Unibell) - 2450KV,iFlight,https://cdn.getfpv.com/media/catalog/product/cache/fa4da5475405b0da777dc0f4b9d16483/u/m/ummagawd-aerolite-2004-motors-main.jpg,32,1600,26,6,5,16,16
motor,Lumenier RX1806-14 2300kv Motor,Lumenier,https://cdn.getfpv.com/media/catalog/product/cache/fa4da5475405b0da777dc0f4b9d16483/i/f/iflight-xing-2207-motor-_unibell_---2450kv-main.jpg,29,3400,21,5,3,16,16
motor,RCINPOWER SmooX 1507 Plus 2680KV/3800KV/4200KV Motor,RCINPOWER,https://cdn.getfpv.com/media/catalog/product/cache/fa4da5475405b0da777dc0f4b9d16483/l/u/lumenier-rx1806-14-2300kv-main.jpg,18,2100,24,8,4,16,16
motor,iFlight XING2 2207 Motor - 1855KV/2755KV,iFlight,https://cdn.getfpv.com/media/catalog/product/cache/fa4da5475405b0da777dc0f4b9d16483/r/c/rcinpower_smoox_1507_plus_2680kv3800kv4200kv_motor_3_.jpg,17,3300,30,6,3,16,16
motor,T-Motor F40 PRO IV 1950KV/2400KV Motor,T-Motor,https://cdn.getfpv.com/media/catalog/product/cache/fa4da5475405b0da777dc0f4b9d16483/i/f/iflightxing2-2207main.jpg,16,1900,20,11,4,16,16
motor,BrotherHobby Avenger V2 2507-1850KV 4-6S,BrotherHobby,https://cdn.getfpv.com/media/catalog/product/cache/fa4da5475405b0da777dc0f4b9d16483/f/4/f40pro-_-kv2400-main.jpg,45,2000,29,8,6,16,16
motor,iFlight XING X4214 400KV Motor (1 pc),iFlight,https://cdn.getfpv.com/media/catalog/product/cache/fa4da5475405b0da777dc0f4b9d16483/a/v/avenger-v2-1.jpg,37,2100,21,10,6,16,16
motor,Flywoo Nin 2806.5 V2 1350KV/1750KV FPV Motor,Flywoo,https://cdn.getfpv.com/media/catalog/product/cache/fa4da5475405b0da777dc0f4b9d16483/x/i/xing-4214-motor-1000x1000.jpg,15,4200,28,10,3,16,16
motor,Lumenier ZIP 2307 POPO Pro Motor 1750KV/2250KV/2550KV,Lumenier,https://cdn.getfpv.com/media/catalog/product/cache/fa4da5475405b0da777dc0f4b9d16483/f/l/flywoo-nin-2806.5-v2-1350kv-1750kv-fpv-motor.jpg,33,3500,15,8,5,16,16
motor,Ethix Mr Steele Stout Motor V4 - Red Launch Edition,Ethix,https://cdn.getfpv.com/media/catalog/product/cache/fa4da5475405b0da777dc0f4b9d16483/z/i/zip-popo-2307-2250kv-main.jpg,15,2500,19,9,5,16,16
motor,Lumenier ZIP 2207 2750kv Motor,Lumenier,https://cdn.getfpv.com/media/catalog/product/cache/fa4da5475405b0da777dc0f4b9d16483/e/t/ethix-mr-steele-stout-motor-v4---red-launch-edition-_1_.jpg,42,3600,15,12,4,16,16
motor,iFlight XING 2814 1100KV NextGen Motor,iFlight,https://cdn.getfpv.com/media/catalog/product/cache/fa4da5475405b0da777dc0f4b9d16483/z/i/zip-2207-2750-standard-main.jpg,27,4000,15,7,3,16,16
motor,Lumenier ZIP 2207 2750kv POPO Pro Motor,Lumenier,https://cdn.getfpv.com/media/catalog/product/cache/fa4da5475405b0da777dc0f4b9d16483/x/2/x2814-motor_5_-1000x1000.jpg,44,2000,18,6,3,16,16
motor,BrotherHobby VY 2004 1700KV/1950KV/2100KV/3150KV Motor,BrotherHobby,https://cdn.getfpv.com/media/catalog/product/cache/fa4da5475405b0da777dc0f4b9d16483/z/i/zip-2207-2750-main.jpg,22,3100,20,11,5,16,16
motor,T-Motor PACER P2208 1750KV/1950KV/2450KV Motor,T-Motor,https://cdn.getfpv.com/media/catalog/product/cache/fa4da5475405b0da777dc0f4b9d16483/v/y/vy-2004-ultralight-motor_2.jpg,35,1600,23,10,3,16,16
motor,T-Motor P2505 1850KV Motor - Pale Rose,T-Motor,https://cdn.getfpv.com/media/catalog/product/cache/fa4da5475405b0da777dc0f4b9d16483/p/2/p2208tmotor.jpg,33,2400,19,5,5,16,16
motor,Hyperlite 2205.5 1722KV HV EDITION Motor,Hyperlite,https://cdn.getfpv.com/media/catalog/product/cache/fa4da5475405b0da777dc0f4b9d16483/t/-/t-motor_p2505_1850kv_motor_silver_red_.jpg,44,2600,17,7,6,16,16
motor,Lumenier 1507.2 Turbine Motor (2400KV / 3500KV),Lumenier,https://cdn.getfpv.com/media/catalog/product/cache/fa4da5475405b0da777dc0f4b9d16483/4/4/44617821_186676918911107_2345005105134174208_n_1_1200x1200.jpg,42,1800,26,11,4,16,16
motor,GEPRC GR2207.5 Motor - 1700KV/1920KV/2400KV/2750KV,GEPRC,https://cdn.getfpv.com/media/catalog/product/cache/fa4da5475405b0da777dc0f4b9d16483/l/u/lumenier_1507.2_2400kv3500kv_turbine_motor_3_.jpg,29,3600,15,10,3,16,16
motor,Lumenier 2207-7 2700KV JohnnyFPV V2 Replacement Motor Bell,Lumenier,https://cdn.getfpv.com/media/catalog/product/cache/fa4da5475405b0da777dc0f4b9d16483/1/7/1700_1.jpg,37,4000,19,12,5,16,16
motor,Lumenier 2207-8 2400KV JohnnyFPV V2 Replacement Motor Bell,Lumenier,https://cdn.getfpv.com/media/catalog/product/cache/fa4da5475405b0da777dc0f4b9d16483/j/o/johhny-bell-2700.jpg,18,4100,26,9,5,16,16
motor,Lumenier ZIP 2307 Motor 1750KV/2250KV/2550KV,Lumenier,https://cdn.getfpv.com/media/catalog/product/cache/fa4da5475405b0da777dc0f4b9d16483/j/o/johhny-bell-2400.jpg,26,3000,21,7,3,16,16
motor,T-Motor PACER V2 P2207 Powerful Freestyle 1750KV/1950KV/2550KV Motor,T-Motor,https://cdn.getfpv.com/media/catalog/product/cache/fa4da5475405b0da777dc0f4b9d16483/z/i/zip-2307-2250kv-main.jpg,24,2000,21,5,6,16,16
motor,Foxeer Datura 2207.5 FPV Motor,Foxeer,https://cdn.getfpv.com/media/catalog/product/cache/fa4da5475405b0da777dc0f4b9d16483/p/a/pacer_v2_p2207_powerful_freestyle_2__2.jpg,37,2200,21,4,4,16,16
motor,iFlight XING2 3106 1200KV/1500KV Motor (Unibell),iFlight,https://cdn.getfpv.com/media/catalog/product/cache/fa4da5475405b0da777dc0f4b9d16483/f/o/foxeer-datura-2207.5-fpv-motor-3.jpg,44,2100,19,6,6,16,16
motor,T-Motor Heiko 2207.5 1750KV Motor (1pc),T-Motor,https://cdn.getfpv.com/media/catalog/product/cache/fa4da5475405b0da777dc0f4b9d16483/i/f/iflight-xing2-3106-motor-_unibell_---1200kv-main_1.jpg,31,2200,24,11,3,16,16
motor,Diatone Mamba Toka 1103 Motor - 8500KV/10000KV,Diatone,https://cdn.getfpv.com/media/catalog/product/cache/fa4da5475405b0da777dc0f4b9d16483/t/-/t-motor-heiko-2207-11_1.jpg,40,2300,19,10,5,16,16
motor,DYS SunFun 2306 Motor - 1750KV/1900KV/2500KV,DYS,https://cdn.getfpv.com/media/catalog/product/cache/fa4da5475405b0da777dc0f4b9d16483/d/i/diatone-mamba-toka-1103-motor.jpg,22,2500,24,6,6,16,16
motor,AMAXinno Performante 2207 A-Bell Motor - 1750KV/1950KV/2550KV,AMAXinno,https://cdn.getfpv.com/media/catalog/product/cache/fa4da5475405b0da777dc0f4b9d16483/s/f/sf2306-1750-1_1800x1800_1_1.jpg,19,2100,15,7,6,16,16
motor,Hyperlite 2207.5 2522KV TEAM EDITION Motor,Hyperlite,https://cdn.getfpv.com/media/catalog/product/cache/fa4da5475405b0da777dc0f4b9d16483/a/m/amaxinno_performante_2207_a-bell_motor_2__3.jpg,29,2900,18,12,6,16,16
motor,Xhover XH2207 1824KV Cinematic Motor - V2,Xhover,https://cdn.getfpv.com/media/catalog/product/cache/fa4da5475405b0da777dc0f4b9d16483/4/2/42200189_295244081065331_6484153646220050432_n_b6932d4f-a74e-49d2-b1f8-65a0c0396050_1200x1200_2.jpg,33,2200,19,4,6,16,16
motor,Lumenier ZIP 2407 2550kv Motor,Lumenier,https://cdn.getfpv.com/media/catalog/product/cache/fa4da5475405b0da777dc0f4b9d16483/c/i/cinematic-v2-xhover-1824k.jpg,17,2100,20,5,5,16,16
motor,DYS SunFun 2207 Motor - 1750/2450/2750kv,DYS,https://cdn.getfpv.com/media/catalog/product/cache/fa4da5475405b0da777dc0f4b9d16483/z/i/zip-2407-2550-standard-main.jpg,19,3100,22,9,4,16,16
motor,RCINPOWER Wasp Major 22.6-6.5 1860KV/2020KV/2420KV Motor,RCINPOWER,https://cdn.getfpv.com/media/catalog/product/cache/fa4da5475405b0da777dc0f4b9d16483/s/f/sf2207-2750-2_1_7a2caf66-4b1b-4743-b215-192f043e7226_1200x1200_2.jpg,41,4200,17,5,4,16,16
motor,T-Motor F40 PRO III Motor,T-Motor,https://cdn.getfpv.com/media/catalog/product/cache/fa4da5475405b0da777dc0f4b9d16483/r/c/rcinpower-wasp-major-22.6-6.5-1860kv-2020kv-2420kv-motor.jpg,18,3600,18,9,5,16,16
motor,Hyperlite 2208.5 1722KV TEAM EDITION Motor,Hyperlite,https://cdn.getfpv.com/media/catalog/product/cache/fa4da5475405b0da777dc0f4b9d16483/f/4/f4proiii.jpg,16,1600,27,5,5,16,16
motor,T-Motor Slatts 2306.3 Motor - 1700KV/2500KV,T-Motor,https://cdn.getfpv.com/media/catalog/product/cache/fa4da5475405b0da777dc0f4b9d16483/4/9/49947883_2307568466140327_2837298951000948736_n_91d18823-de14-4f0b-93a9-a895e3497214_1200x1200.jpg,18,3000,30,9,4,16,16
motor,T-Motor MCK Edition 2207 2500kv Motor,T-Motor,https://cdn.getfpv.com/media/catalog/product/cache/fa4da5475405b0da777dc0f4b9d16483/t/-/t-motor_slatts_2306.3_motor_2_.jpg,25,1600,19,11,5,16,16
motor,iFlight XING Camo X2207 Motor,iFlight,https://cdn.getfpv.com/media/catalog/product/cache/fa4da5475405b0da777dc0f4b9d16483/m/c/mck-motor-1_1.jpg,39,2200,25,11,6,16,16
motor,iFlight XING2 2405 1800KV/1950KV Motor (Unibell),iFlight XING,https://cdn.getfpv.com/media/catalog/product/cache/fa4da5475405b0da777dc0f4b9d16483/m/o/motor_camo_xing-1000x1000.jpg,30,3400,16,10,3,16,16
motor,XILO POPO Pro 2207 1750KV Motor,XILO,https://cdn.getfpv.com/media/catalog/product/cache/fa4da5475405b0da777dc0f4b9d16483/i/f/iflight-xing2-2405-1800kv-motor-_unibell_.jpg,42,2600,24,6,4,16,16
motor,iFlight XING2 2604 1350KV/1650KV Motor (Unibell),iFlight XING,https://cdn.getfpv.com/media/catalog/product/cache/fa4da5475405b0da777dc0f4b9d16483/2/2/2207-1750kv-popo-pro-main.jpg,29,3600,30,9,6,16,16
motor,Flywoo ROBO 1002 Motor - 15500KV/23500KV,Flywoo,https://cdn.getfpv.com/media/catalog/product/cache/fa4da5475405b0da777dc0f4b9d16483/i/f/iflight-xing2-2604-1350kv-motor-_unibell_.jpg,39,3600,22,9,4,16,16
motor,T-Motor PACER V2 P2306 Powerful Freestyle 1950KV/2550KV Motor,T-Motor,https://cdn.getfpv.com/media/catalog/product/cache/fa4da5475405b0da777dc0f4b9d16483/f/l/flywoo_robo_1002_motor_2__1.jpg,35,2600,27,7,4,16,16
motor,Flywoo Nin 2306.5 1750KV/2450KV Motor (1pc),Flywoo,https://cdn.getfpv.com/media/catalog/product/cache/fa4da5475405b0da777dc0f4b9d16483/t/-/t-motor_pacer_v2_p2306_powerful_freestyle_1950kv2550kv_motor_3_.jpg,42,3200,20,5,4,16,16
motor,DYS Samguk Series Shu 2306 2800kv Motor,DYS,https://cdn.getfpv.com/media/catalog/product/cache/fa4da5475405b0da777dc0f4b9d16483/f/l/flywoo-nin-plus-n2306.5-2306.5-2-6s-fpv-motor-brushless-for-rc.jpg,30,3500,22,7,3,16,16
motor,iFlight XING Camo X2208 Motor,iFlight,https://cdn.getfpv.com/media/catalog/product/cache/fa4da5475405b0da777dc0f4b9d16483/d/y/dys-shu-main_1.jpg,23,2000,25,7,5,16,16
motor,AxisFlying AF 3010 Cinematic Motor - 1010KV/1210KV,AxisFlying,https://cdn.getfpv.com/media/catalog/product/cache/fa4da5475405b0da777dc0f4b9d16483/x/i/xing_camo_2208_1_-1000x1000.jpg,42,4200,20,6,5,16,16
motor,T-Motor PACER V3 P2207 Powerful Freestyle Motor -1750KV/ 1950KV/ 2080KV/ 2550KV,T-Motor,https://cdn.getfpv.com/media/catalog/product/cache/fa4da5475405b0da777dc0f4b9d16483/a/x/axisflying_af_3010_cinematic_motor_-_1010kv1210kv_3__1_1.jpg,32,3900,29,8,3,16,16
motor,Diatone Mamba Toka 2306.5 Motor - 1700KV/2450KV/2650KV,Diatone,https://cdn.getfpv.com/media/catalog/product/cache/fa4da5475405b0da777dc0f4b9d16483/t/-/t-motor-pacer-v3-p2207-powerful-freestyle-motor_2_.jpg,16,1600,25,4,5,16,16
motor,Hyperlite 2408.5 1622KV/1922KV/2222KV/2522KV Motor - Team Edition,Hyperlite,https://cdn.getfpv.com/media/catalog/product/cache/fa4da5475405b0da777dc0f4b9d16483/d/i/diatone_mamba_toka_2306.5_motordiatone-mamba-toka-2306.5-motormain-very_compressed-height-1000px.jpg,40,4000,15,6,5,16,16
motor,BrotherHobby Avenger V3 2812 900KV/1115KV Motor (CW),BrotherHobby,https://cdn.getfpv.com/media/catalog/product/cache/fa4da5475405b0da777dc0f4b9d16483/h/y/hyperlite-2408.5-team-version-7.jpg,18,3900,27,12,5,16,16
motor,Tiger Motor F20II 1408 3750KV Brushless Motor,Tiger,https://cdn.getfpv.com/media/catalog/product/cache/fa4da5475405b0da777dc0f4b9d16483/a/v/avenger_2812_v3_motor_cw_.jpg,34,2800,29,10,3,16,16
motor,Ethix Konasty 2407 1739KV Motor,Ethix,https://cdn.getfpv.com/media/catalog/product/cache/fa4da5475405b0da777dc0f4b9d16483/t/i/tiger-motor-f20ii-3750kv-fpv-series-motor.jpg,23,1600,28,4,4,16,16
motor,iFlight XING 1504 FPV NextGen Motor - 3100KV/3900KV,iFlight,https://cdn.getfpv.com/media/catalog/product/cache/fa4da5475405b0da777dc0f4b9d16483/a/7/a7300292_1.jpg,24,1800,30,7,5,16,16
motor,T-Motor F60 PRO V Motor - 1750KV/1950KV/2020KV/2550KV,T-Motor,https://cdn.getfpv.com/media/catalog/product/cache/fa4da5475405b0da777dc0f4b9d16483/i/f/iflight-xing-1504-fpv-nextgen-motor---3100kv3900kv-main.jpg,33,2400,27,12,6,16,16
motor,DYS Samguk Series Wu 2206 2700kv Motor,DYS,https://cdn.getfpv.com/media/catalog/product/cache/fa4da5475405b0da777dc0f4b9d16483/t/-/t-motor-f60-pro-v-motor-main.jpg,28,2800,21,7,5,16,16
motor,EMAX ECO II Series 2306 Motor (1700KV/1900KV/2400KV),EMAX,https://cdn.getfpv.com/media/catalog/product/cache/fa4da5475405b0da777dc0f4b9d16483/d/y/dys-wu-main1_1.jpg,43,2600,25,5,4,16,16
motor,Diatone Mamba Toka 2808 Motor - 1100KV,Diatone,https://cdn.getfpv.com/media/catalog/product/cache/fa4da5475405b0da777dc0f4b9d16483/e/c/eco-ii-main.jpg,15,4100,18,11,5,16,16
motor,Lumenier 2306 JohnnyFPV Cinematic V2 Motor (1750KV/2250KV/2550KV),Lumenier,https://cdn.getfpv.com/media/catalog/product/cache/fa4da5475405b0da777dc0f4b9d16483/d/i/diatone_mamba-toka-2808-motor---1100kv_3_.jpg,36,2800,28,4,6,16,16
motor,DYS Samguk Series Wei 2207 1750kv Motor,DYS,https://cdn.getfpv.com/media/catalog/product/cache/fa4da5475405b0da777dc0f4b9d16483/l/u/lumenier-johnnyfpv-2306-v2-motor-mainv2.jpg,25,2700,30,12,5,16,16
motor,Ethix Mr Steele Stout Motor V3 - Legacy,Ethix,https://cdn.getfpv.com/media/catalog/product/cache/fa4da5475405b0da777dc0f4b9d16483/d/y/dys-wei-main_1_2.jpg,37,3500,26,12,5,16,16
motor,Ethix Mr Steele 2306 1750kv Stout V3 Motor,Ethix Mr,https://cdn.getfpv.com/media/catalog/product/cache/fa4da5475405b0da777dc0f4b9d16483/s/t/stout-v3-legacy_2_.jpg,42,3400,18,4,6,16,16
motor,T-Motor PACER V3 P2306 Powerful Freestyle Motor -1750KV/ 1950KV/ 2550KV,T-Motor,https://cdn.getfpv.com/media/catalog/product/cache/fa4da5475405b0da777dc0f4b9d16483/a/7/a7300522.jpg,41,3500,22,10,6,16,16
motor,Lumenier ZIP V2 2207.5 Motor - 1750KV/2500KV,Lumenier,https://cdn.getfpv.com/media/catalog/product/cache/fa4da5475405b0da777dc0f4b9d16483/t/-/t-motor-pacer-v3-p2306-powerful-freestyle-motor_1_.jpg,35,2000,19,4,3,16,16
motor,Lumenier ZIP 2407 1700kv Motor,Lumenier,https://cdn.getfpv.com/media/catalog/product/cache/fa4da5475405b0da777dc0f4b9d16483/l/u/lumenier-zip-v2-2207.5-motor---1750kv-main_1.jpg,33,3500,27,11,5,16,16
motor,Lumenier ZIP 2207 2450kv Motor,Lumenier,https://cdn.getfpv.com/media/catalog/product/cache/fa4da5475405b0da777dc0f4b9d16483/z/i/zip-2407-1700-standard-main.jpg,26,3400,22,8,3,16,16
motor,Brotherhobby Speed Shield 2207.5 2150kv Motor,Brotherhobby,https://cdn.getfpv.com/media/catalog/product/cache/fa4da5475405b0da777dc0f4b9d16483/z/i/zip-2207-2450-standard-main.jpg,23,2900,15,6,5,16,16
motor,BrotherHobby Avenger V2 2507 1500KV Motor,BrotherHobby Avenger,https://cdn.getfpv.com/media/catalog/product/cache/fa4da5475405b0da777dc0f4b9d16483/s/p/speed_1_1.jpg,19,3300,24,11,6,16,16
motor,HGLRC AEOLUS 2006 Racing Motor - 2800KV,HGLRC,https://cdn.getfpv.com/media/catalog/product/cache/fa4da5475405b0da777dc0f4b9d16483/a/v/avenger-v2-1_1_2.jpg,44,4200,26,8,6,16,16
motor,Lumenier JB2208 Bardwell POPO Pro Motor (1650kv / 2400kv),Lumenier JB,https://cdn.getfpv.com/media/catalog/product/cache/fa4da5475405b0da777dc0f4b9d16483/h/g/hglrc-aeolus-2006-racing-motor---2800kv-main.jpg,20,3500,21,4,5,16,16
motor,T-Motor VELOX V2207.5 1750KV/1950KV Motor,T-Motor,https://cdn.getfpv.com/media/catalog/product/cache/fa4da5475405b0da777dc0f4b9d16483/b/a/bardwell-popo-main_1.jpg,34,4000,25,4,4,16,16
motor,Hyperlite 2208.5 2522KV TEAM EDITION Motor,Hyperlite,https://cdn.getfpv.com/media/catalog/product/cache/fa4da5475405b0da777dc0f4b9d16483/t/-/t-motor-velox-v2207.5-motor.jpg,27,1600,20,12,5,16,16
motor,T-Motor VELOX V3008 Cinematic Motor - 1155KV/1350KV/1500KV,T-Motor,https://cdn.getfpv.com/media/catalog/product/cache/fa4da5475405b0da777dc0f4b9d16483/4/9/49947883_2307568466140327_2837298951000948736_n_91d18823-de14-4f0b-93a9-a895e3497214_1200x1200_1.jpg,40,4100,22,11,4,16,16
motor,DYS Samguk Series Shu 2306 1750kv Motor,DYS,https://cdn.getfpv.com/media/catalog/product/cache/fa4da5475405b0da777dc0f4b9d16483/t/-/t-motor-velox-v3008-cinematic-motor-1350.jpg,21,2100,26,7,4,16,16
motor,BrotherHobby LA 2005 Motor - 1450KV/2450KV/2800KV/3450KV,BrotherHobby,https://cdn.getfpv.com/media/catalog/product/cache/fa4da5475405b0da777dc0f4b9d16483/d/y/dys-shu-main_3.jpg,35,3300,19,8,3,16,16
motor,BrotherHobby GOM 2207.5 1750KV/1920KV/2500KV Motor,BrotherHobby,https://cdn.getfpv.com/media/catalog/product/cache/fa4da5475405b0da777dc0f4b9d16483/b/r/brotherhobby-la-2005-motor---1450kv2450kv2800kv3450kv-main.jpg,42,1800,16,12,3,16,16
motor,Ethix Flat Rats V2 1507 Motor - 2800KV,Ethix Flat,https://cdn.getfpv.com/media/catalog/product/cache/fa4da5475405b0da777dc0f4b9d16483/b/r/brotherhobby_lpd_2306.5_2000kv2450kv2650kv_motor_3__3_1.jpg,20,1800,16,7,4,16,16
motor,T-Motor VELOX V2207.5 1750KV Motor (Rainbow),T-Motor,https://cdn.getfpv.com/media/catalog/product/cache/fa4da5475405b0da777dc0f4b9d16483/e/t/ethix_flat_rats_v2_flat-rats-v2-low_res-width-1000px.jpg,27,2300,20,9,6,16,16
motor,T-Motor PACER P2207.5 1750KV/1950KV/2550KV Motor,T-Motor,https://cdn.getfpv.com/media/catalog/product/cache/fa4da5475405b0da777dc0f4b9d16483/t/-/t-motor-v2207.5-1750kv-motor-_rainbow_-main.jpg,23,3100,17,11,4,16,16
motor,FPVCrate Booster V2 2207 1900KV Motor,FPVCrate,https://cdn.getfpv.com/media/catalog/product/cache/fa4da5475405b0da777dc0f4b9d16483/p/2/p2207.5.jpg,16,4000,19,10,3,16,16
motor,Brotherhobby Avenger SE 2004 Motor - 1700kv,Brotherhobby,https://cdn.getfpv.com/media/catalog/product/cache/fa4da5475405b0da777dc0f4b9d16483/f/p/fpvcrate-booster-v2-2207-motor--wht_1.jpg,18,3000,29,12,3,16,16
motor,T-Motor MCK 2207.5 V3 1910KV/2100KV Motor,T-Motor,https://cdn.getfpv.com/media/catalog/product/cache/fa4da5475405b0da777dc0f4b9d16483/b/r/brotherhobby-se-2004-brushless-motormain.jpg,42,3700,27,12,4,16,16
motor,iFlight XING2 3110 Cinelifter Motor - 900KV/1250KV/1600KV,iFlight,https://cdn.getfpv.com/media/catalog/product/cache/fa4da5475405b0da777dc0f4b9d16483/t/-/t-motor_mck_2207.5_v3_1910kv2100kv_motor_champion_edition.jpg,24,2700,16,5,6,16,16
motor,EMAX Pulsar 2306 LED Motor - 1700kv/2400kv,EMAX,https://cdn.getfpv.com/media/catalog/product/cache/fa4da5475405b0da777dc0f4b9d16483/i/f/iflight-xing2-3110-cinelifter-motor-main.jpg,17,4100,25,9,3,16,16
motor,XILO Stealth 1408 Motor (2400KV / 3600KV),XILO,https://cdn.getfpv.com/media/catalog/product/cache/fa4da5475405b0da777dc0f4b9d16483/p/h/photo-1523_1__2_1.jpg,37,1700,28,9,5,16,16
motor,Diatone Mamba Toka 2207.5 1700KV/1800KV/2450KV/2650KV Motor,Diatone,https://cdn.getfpv.com/media/catalog/product/cache/fa4da5475405b0da777dc0f4b9d16483/x/i/xilo-stealth-1408-motor---carbon-fiber---square.jpg,27,1800,22,9,5,16,16
motor,iFlight XING2 1404 3000KV/3800KV/4600KV Toothpick Motor,iFlight,https://cdn.getfpv.com/media/catalog/product/cache/fa4da5475405b0da777dc0f4b9d16483/d/i/diatone_mamba_toka_2207.5_motor_3_.jpg,18,2400,24,8,5,16,16
motor,iFlight XING 2203.5 1900KV/2700KV Motor - 1.5mm Shaft,iFlight XING,https://cdn.getfpv.com/media/catalog/product/cache/fa4da5475405b0da777dc0f4b9d16483/i/f/iflightxing2-1404main.jpg,31,3800,18,4,4,16,16
motor,iFlight XING2 2207 Black Motor (Nazgul Evoque) 1750KV/2750KV,iFlight,https://cdn.getfpv.com/media/catalog/product/cache/fa4da5475405b0da777dc0f4b9d16483/i/f/iflightxing-2203.5main.jpg,24,3700,24,9,4,16,16
motor,Lumenier ZIP 2407 2250kv Motor,Lumenier,https://cdn.getfpv.com/media/catalog/product/cache/fa4da5475405b0da777dc0f4b9d16483/x/i/xing2-black-2207-evoque_4__2.jpg,33,2300,17,9,3,16,16
motor,Stan FPV 2203 3390kv Pro Motor V2 - T-Mount,Stan,https://cdn.getfpv.com/media/catalog/product/cache/fa4da5475405b0da777dc0f4b9d16483/z/i/zip-2407-2250-standard-main.jpg,16,3900,18,6,3,16,16
motor,T-Motor VELOX V2 V2306 1950KV/2400KV Motor,T-Motor,https://cdn.getfpv.com/media/catalog/product/cache/fa4da5475405b0da777dc0f4b9d16483/i/m/img_1278_1024x1024_2x.jpg,32,2400,22,6,3,16,16
motor,Lumenier 2005 2000KV/2600KV Chief Ultra-Light Motor,Lumenier,https://cdn.getfpv.com/media/catalog/product/cache/fa4da5475405b0da777dc0f4b9d16483/1/6/1605758255282263338_2.jpg,27,4100,15,4,6,16,16
motor,Diatone Mamba Toka 1404 Motor - 3000KV/4000KV,Diatone Mamba,https://cdn.getfpv.com/media/catalog/product/cache/fa4da5475405b0da777dc0f4b9d16483/l/u/lumenier_2005_2000kv2600kv_chief_racing_motor_8_.jpg,32,1700,26,7,6,16,16
motor,Xhover Projects XH2207.5 1711KV Motor,Xhover,https://cdn.getfpv.com/media/catalog/product/cache/fa4da5475405b0da777dc0f4b9d16483/d/i/diatone-mamba-toka-1404-motor.jpg,18,2300,30,12,5,16,16
motor,EMAX RS1408 Performance Brushless Motor,EMAX,https://cdn.getfpv.com/media/catalog/product/cache/fa4da5475405b0da777dc0f4b9d16483/x/h/xhover_projects_xh2207.5_1711kv_motor.jpg,18,2400,23,6,4,16,16
motor,Brotherhobby TC 2004 Motor - 1700KV/1950KV/2100KV/3150KV,Brotherhobby,https://cdn.getfpv.com/media/catalog/product/cache/fa4da5475405b0da777dc0f4b9d16483/p/h/photo-6679_1_2.jpg,41,3500,29,10,3,16,16
motor,Lumenier 2207-7 2700KV JohnnyFPV V2 Motor,Lumenier,https://cdn.getfpv.com/media/catalog/product/cache/fa4da5475405b0da777dc0f4b9d16483/b/r/brotherhobby-tc-2004-motor.jpg,25,2300,20,12,4,16,16
motor,RCINPOWER SmooX 2306 Plus Motor - 1350KV/1880KV/2280KV/2580KV,RCINPOWER,https://cdn.getfpv.com/media/catalog/product/cache/fa4da5475405b0da777dc0f4b9d16483/j/o/johnny-black-main.jpg,25,1800,24,5,4,16,16
motor,BETAFPV 2004 3000KV Brushless Motor (4pcs),BETAFPV,https://cdn.getfpv.com/media/catalog/product/cache/fa4da5475405b0da777dc0f4b9d16483/d/s/dsc_0301.jpg,24,2500,18,9,6,16,16
motor,T-Motor F60 PRO III 1750KV/2150KV/2500KV/2700KV Motor,T-Motor,https://cdn.getfpv.com/media/catalog/product/cache/fa4da5475405b0da777dc0f4b9d16483/b/e/betafpv-2004-300kv--brushless-motors_4ct-1000x1000jpg.jpg,43,3000,26,12,5,16,16
motor,DYS Samguk Series Wei 2207 2300kv Motor,DYS,https://cdn.getfpv.com/media/catalog/product/cache/fa4da5475405b0da777dc0f4b9d16483/p/r/pro-iii-f60.jpg,45,2000,20,10,6,16,16
motor,AMAXinno Superleggera 2305.5 A-Bell Motor - 1750KV/1950KV/2550KV,AMAXinno,https://cdn.getfpv.com/media/catalog/product/cache/fa4da5475405b0da777dc0f4b9d16483/d/y/dys-wei-main.jpg,26,3500,19,8,4,16,16
motor,NewBeeDrone FLOW 2306.5 1850KV/2450KV Motor (Combo Kit),NewBeeDrone,https://cdn.getfpv.com/media/catalog/product/cache/fa4da5475405b0da777dc0f4b9d16483/a/m/amaxinno_superleggera_2305.5_motor_3.jpg,44,2800,25,4,3,16,16
motor,Tiger Motor F80 2500Kv FPV Series Motor,Tiger Motor,https://cdn.getfpv.com/media/catalog/product/cache/fa4da5475405b0da777dc0f4b9d16483/n/e/newbeedrone_flow_motor_2306.5_crazy_deal_4_.jpg,32,2500,22,8,6,16,16
motor,Lumenier JB2208 Bardwell Motor (1650kv / 2400kv),Lumenier,https://cdn.getfpv.com/media/catalog/product/cache/fa4da5475405b0da777dc0f4b9d16483/t/i/tiger-motor-f80-2500kv-fpv-series-motor.jpg,25,4100,16,4,6,16,16
motor,DYS SunFun X2203 Motor - 3000KV/3500KV,DYS,https://cdn.getfpv.com/media/catalog/product/cache/fa4da5475405b0da777dc0f4b9d16483/2/2/2208-bardwell-main_1.jpg,28,3500,23,7,6,16,16
motor,T-Motor F2203.5 1500KV/2850KV/3550KV Motor,T-Motor,https://cdn.getfpv.com/media/catalog/product/cache/fa4da5475405b0da777dc0f4b9d16483/d/y/dys-sunfun-x2203-motor-main_5.jpg,44,3100,20,4,5,16,16
motor,ELEV8 FPV Cricket 2306.5 Motor - 1750KV,ELEV8 FPV,https://cdn.getfpv.com/media/catalog/product/cache/fa4da5475405b0da777dc0f4b9d16483/1/6/1609297853d865050515.jpg,36,4200,29,4,3,16,16
motor,iFlight XING2 2506 1350KV/1650KV/1850KV Motor,iFlight,https://cdn.getfpv.com/media/catalog/product/cache/fa4da5475405b0da777dc0f4b9d16483/e/l/elev8-fpv-cricket-2306.5-motor---1750kv-main-1.jpg,37,1600,20,9,4,16,16
motor,TBS Grinder V3 2207 Motor - 1750KV,TBS,https://cdn.getfpv.com/media/catalog/product/cache/fa4da5475405b0da777dc0f4b9d16483/i/f/iflightxing2-2207main_4.jpg,39,1800,26,7,5,16,16
motor,iFlight XING 2205 FPV NextGen Motor (Unibell) - 2300KV,iFlight,https://cdn.getfpv.com/media/catalog/product/cache/fa4da5475405b0da777dc0f4b9d16483/t/b/tbs-grinder-v3-2207-motor---1750kv.jpg,34,3400,16,12,3,16,16
motor,iFlight XING-E 2306 2-6s FPV Motor,iFlight,https://cdn.getfpv.com/media/catalog/product/cache/fa4da5475405b0da777dc0f4b9d16483/i/f/iflight-xing-2205-fpv-nextgen-motor-_unibell_---2300kv-main.jpg,23,2000,17,8,6,16,16
motor,DYS Samguk Series Shu 2306 2500kv Motor,DYS,https://cdn.getfpv.com/media/catalog/product/cache/fa4da5475405b0da777dc0f4b9d16483/x/i/xing-eco-2306-motor_2_-1000x1000_3.jpg,41,2100,17,6,5,16,16
